{"cameraMode":{"drawMode":0,"name":"Shaded","section":"Shading Mode"},"sceneLighting":true,"audioPlay":false,"sceneViewState":{"showFog":true,"showMaterialUpdate":false,"showSkybox":false,"showFlares":true,"showImageEffects":true,"showParticleSystems":true},"in2DMode":false,"pivot":{"x":-25.986135482788087,"y":5.901580333709717,"z":14.751312255859375},"rotation":{"x":-0.03687271475791931,"y":0.8203781843185425,"z":-0.0532430000603199,"w":-0.568141520023346},"size":17.20833969116211,"orthographic":false}