{"cameraMode":{"drawMode":0,"name":"Shaded","section":"Shading Mode"},"sceneLighting":false,"audioPlay":false,"sceneViewState":{"showFog":true,"showMaterialUpdate":false,"showSkybox":true,"showFlares":true,"showImageEffects":true,"showParticleSystems":true,"showVisualEffectGraphs":true,"m_FxEnabled":true},"in2DMode":false,"pivot":{"x":2.0040104389190676,"y":2.735271453857422,"z":-1.5471714735031129},"rotation":{"x":-0.45801112055778506,"y":-0.012803178280591965,"z":0.006597218103706837,"w":-0.8888304233551025},"size":1.207395076751709,"orthographic":false}