{"cameraMode":{"drawMode":0,"name":"Shaded","section":"Shading Mode"},"sceneLighting":false,"audioPlay":false,"sceneViewState":{"showFog":true,"showMaterialUpdate":false,"showSkybox":true,"showFlares":true,"showImageEffects":true,"showParticleSystems":true},"in2DMode":false,"pivot":{"x":-13.347989082336426,"y":-3.6367850303649904,"z":4.662288665771484},"rotation":{"x":0.1505279541015625,"y":-0.572735607624054,"z":0.10795142501592636,"w":0.7985466718673706},"size":9.963411331176758,"orthographic":false}