{"cameraMode":{"drawMode":0,"name":"Shaded","section":"Shading Mode"},"sceneLighting":false,"audioPlay":false,"sceneViewState":{"showFog":true,"showMaterialUpdate":false,"showSkybox":true,"showFlares":true,"showImageEffects":true,"showParticleSystems":true},"in2DMode":false,"pivot":{"x":-24.735933303833009,"y":-6.14780855178833,"z":0.3278350830078125},"rotation":{"x":0.0931585282087326,"y":-0.7644003629684448,"z":0.11342545598745346,"w":0.6278188228607178},"size":9.667309761047364,"orthographic":false}